language,census,population
Adi,1971,99228
Adi,1981,125371
Adi,1991,158409
Adi,2001,198462
Adi,2011,248834
Afghani/Kabuli/Pashto,2001,11086
Afghani/Kabuli/Pashto,2011,21677
Anal,1971,6592
Anal,1981,11074
Anal,1991,12156
Anal,2001,23191
Anal,2011,27217
Angami,1971,43569
Angami,1981,41761
Angami,1991,97631
Angami,2001,132225
Angami,2011,152796
Ao,1971,75381
Ao,1981,102321
Ao,1991,172449
Ao,2001,261387
Ao,2011,260008
Arabic/Arbi,1971,23318
Arabic/Arbi,1981,28116
Arabic/Arbi,1991,21975
Arabic/Arbi,2001,51728
Arabic/Arbi,2011,54947
Balti,1981,40136
Balti,1991,48498
Balti,2011,20053
Bhili/Bhilodi,1971,3399285
Bhili/Bhilodi,1981,4293314
Bhili/Bhilodi,1991,5572308
Bhili/Bhilodi,2001,9582957
Bhili/Bhilodi,2011,10413637
Bhotia,1971,33226
Bhotia,1981,31438
Bhotia,1991,55483
Bhotia,2001,81012
Bhotia,2011,229954
Bhumij,1971,51651
Bhumij,1981,50384
Bhumij,1991,45302
Bhumij,2001,47443
Bhumij,2011,27506
Bishnupuriya,1991,59233
Bishnupuriya,2001,77545
Bishnupuriya,2011,79646
Chakhesang,1991,30985
Chakhesang,2001,11415
Chakhesang,2011,19846
Chakru/Chokri,1991,48207
Chakru/Chokri,2001,83560
Chakru/Chokri,2011,91216
Chang,1971,15816
Chang,1981,22442
Chang,1991,32478
Chang,2001,62408
Chang,2011,66852
Coorgi/Kodagu,1971,72085
Coorgi/Kodagu,1981,92678
Coorgi/Kodagu,1991,97011
Coorgi/Kodagu,2001,166187
Coorgi/Kodagu,2011,113857
Deori,1971,14937
Deori,1991,17901
Deori,2001,27960
Deori,2011,32376
Dimasa,1971,40149
Dimasa,1991,88543
Dimasa,2001,111961
Dimasa,2011,137184
English,1971,191595
English,1981,202440
English,1991,178598
English,2001,226449
English,2011,259678
Gadaba,1971,20420
Gadaba,1981,28027
Gadaba,1991,28158
Gadaba,2001,26262
Gadaba,2011,40976
Gangte,1971,6033
Gangte,1991,13695
Gangte,2001,14500
Gangte,2011,16542
Garo,1971,411731
Garo,1981,417888
Garo,1991,675642
Garo,2001,889479
Garo,2011,1145323
Gondi,1971,1688284
Gondi,1981,1913262
Gondi,1991,2124852
Gondi,2001,2713790
Gondi,2011,2984453
Halabi,1971,346259
Halabi,1981,534825
Halabi,1991,534313
Halabi,2001,593443
Halabi,2011,766297
Halam,1971,19197
Halam,1981,19364
Halam,1991,29322
Halam,2001,38275
Halam,2011,38915
Hmar,1971,38207
Hmar,1981,36365
Hmar,1991,65204
Hmar,2001,83404
Hmar,2011,98988
Ho,1971,751389
Ho,1981,783301
Ho,1991,949216
Ho,2001,1042724
Ho,2011,1421418
Jatapu,1971,36450
Jatapu,1981,22850
Jatapu,1991,25730
Jatapu,2001,39331
Jatapu,2011,20028
Juang,1971,12172
Juang,1981,19038
Juang,1991,16858
Juang,2001,23708
Juang,2011,30378
Kabui,1971,50814
Kabui,1981,52113
Kabui,1991,68925
Kabui,2001,94758
Kabui,2011,122931
Karbi/Mikir,1971,199121
Karbi/Mikir,1981,12600
Karbi/Mikir,1991,366229
Karbi/Mikir,2001,419534
Karbi/Mikir,2011,528503
Khandeshi,1971,251896
Khandeshi,1981,1216789
Khandeshi,1991,973709
Khandeshi,2001,2075258
Khandeshi,2011,1860236
Kharia,1971,191421
Kharia,1981,212605
Kharia,1991,225556
Kharia,2001,239608
Kharia,2011,297614
Khasi,1971,479028
Khasi,1981,628846
Khasi,1991,912283
Khasi,2001,1128575
Khasi,2011,1431344
Khezha,1971,11363
Khezha,1981,16637
Khezha,1991,13004
Khezha,2001,40768
Khezha,2011,41625
Khiemnungan,1971,14414
Khiemnungan,1981,17880
Khiemnungan,1991,23544
Khiemnungan,2001,37755
Khiemnungan,2011,61983
Khond/Kondh,1971,196316
Khond/Kondh,1981,195793
Khond/Kondh,1991,220783
Khond/Kondh,2001,118597
Khond/Kondh,2011,155548
Kinnauri,1971,45472
Kinnauri,1981,52864
Kinnauri,1991,61794
Kinnauri,2001,65097
Kinnauri,2011,83561
Kisan,1971,73847
Kisan,1981,159327
Kisan,1991,162088
Kisan,2001,141088
Kisan,2011,206100
Koch,1971,14256
Koch,1981,16694
Koch,1991,26179
Koch,2001,31119
Koch,2011,36434
Koda/Kora,1971,14333
Koda/Kora,1981,23113
Koda/Kora,1991,28200
Koda/Kora,2001,43030
Koda/Kora,2011,47268
Kolami,1971,66868
Kolami,1981,83690
Kolami,1991,98281
Kolami,2001,121855
Kolami,2011,128451
Kom,1981,10062
Kom,1991,13548
Kom,2001,14673
Kom,2011,15108
Konda,1971,33720
Konda,1981,23258
Konda,1991,17864
Konda,2001,56262
Konda,2011,60699
Konyak,1971,72338
Konyak,1981,76092
Konyak,1991,137722
Konyak,2001,248109
Konyak,2011,244477
Korku,1971,307434
Korku,1981,347661
Korku,1991,466073
Korku,2001,574481
Korku,2011,727133
Korwa,1971,15097
Korwa,1981,48079
Korwa,1991,27485
Korwa,2001,34586
Korwa,2011,28453
Koya,1971,211877
Koya,1981,240245
Koya,1991,270994
Koya,2001,362070
Koya,2011,407423
Kui,1971,351017
Kui,1981,521585
Kui,1991,641662
Kui,2001,916222
Kui,2011,941488
Kuki,1971,32560
Kuki,1981,49478
Kuki,1991,58263
Kuki,2001,52873
Kuki,2011,83968
Kurukh/Oraon,1971,1235665
Kurukh/Oraon,1981,1333670
Kurukh/Oraon,1991,1426618
Kurukh/Oraon,2001,1751489
Kurukh/Oraon,2011,1988350
Ladakhi,1981,56738
Ladakhi,1991,72274
Ladakhi,2011,104618
Lahauli,1971,16749
Lahauli,1981,18728
Lahauli,1991,22027
Lahauli,2001,22646
Lahauli,2011,11574
Lahnda,1971,41935
Lahnda,1981,42879
Lahnda,1991,27386
Lahnda,2001,92234
Lahnda,2011,108791
Lakher,1971,11867
Lakher,1981,16091
Lakher,1991,22947
Lakher,2001,34751
Lakher,2011,42429
Lalung,1971,10650
Lalung,1991,33746
Lalung,2001,27072
Lalung,2011,33921
Lepcha,1971,33360
Lepcha,1981,27814
Lepcha,1991,39342
Lepcha,2001,50629
Lepcha,2011,47331
Liangmei,1991,27478
Liangmei,2001,34232
Liangmei,2011,49811
Limbu,1981,20258
Limbu,1991,28174
Limbu,2001,37265
Limbu,2011,40835
Lotha,1971,36949
Lotha,1981,58116
Lotha,1991,85802
Lotha,2001,170001
Lotha,2011,179467
Lushai/Mizo,1971,271554
Lushai/Mizo,1981,384528
Lushai/Mizo,1991,538842
Lushai/Mizo,2001,674756
Lushai/Mizo,2011,830846
Malto,1981,100177
Malto,1991,108148
Malto,2001,224926
Malto,2011,234991
Mao,1971,35381
Mao,1981,58813
Mao,1991,77810
Mao,2011,240205
Maram,1991,10144
Maram,2001,37340
Maram,2011,32460
Maring,1981,11663
Maring,1991,15268
Maring,2001,22326
Maring,2011,25814
Miri/Mishing,1971,180684
Miri/Mishing,1991,390583
Miri/Mishing,2001,551224
Miri/Mishing,2011,629954
Mishmi,1971,22354
Mishmi,1981,24182
Mishmi,1991,29000
Mishmi,2001,33955
Mishmi,2011,44100
Mogh,1971,12378
Mogh,1981,17458
Mogh,1991,28135
Mogh,2001,30639
Mogh,2011,36665
Monpa,1971,26369
Monpa,1981,33320
Monpa,1991,43226
Monpa,2001,55876
Monpa,2011,13703
Munda,1971,309293
Munda,1981,377492
Munda,1991,413894
Munda,2001,469357
Munda,2011,505922
Mundari,1971,771253
Mundari,1981,742739
Mundari,1991,861378
Mundari,2001,1061352
Mundari,2011,1128228
Nicobarese,1971,17971
Nicobarese,1981,21542
Nicobarese,1991,26261
Nicobarese,2001,28784
Nicobarese,2011,29099
Nissi/Dafla,1971,114678
Nissi/Dafla,1981,140986
Nissi/Dafla,1991,173791
Nissi/Dafla,2001,211485
Nissi/Dafla,2011,406532
Nocte,1971,25263
Nocte,1981,23776
Nocte,1991,30441
Nocte,2001,32957
Nocte,2011,30839
Paite,1971,27157
Paite,1981,32607
Paite,1991,49237
Paite,2001,64100
Paite,2011,79507
Parji,1971,73912
Parji,1981,35758
Parji,1991,44001
Parji,2001,51216
Parji,2011,52349
Pawi,1971,10560
Pawi,1981,11656
Pawi,1991,15346
Pawi,2001,24965
Pawi,2011,28639
Phom,1971,18017
Phom,1981,24487
Phom,1991,65350
Phom,2001,122508
Phom,2011,54416
Pochury,1991,11231
Pochury,2001,16744
Pochury,2011,21654
Rabha,1971,51146
Rabha,1981,22351
Rabha,1991,139365
Rabha,2001,164770
Rabha,2011,139986
Rai,2001,14378
Rai,2011,15644
Rengma,1981,15563
Rengma,1991,37521
Rengma,2001,61345
Rengma,2011,65328
Sangtam,1971,20015
Sangtam,1981,28513
Sangtam,1991,47461
Sangtam,2001,84273
Sangtam,2011,76000
Savara,1971,222018
Savara,1981,209092
Savara,1991,273168
Savara,2001,252519
Savara,2011,409549
Sema,1971,65227
Sema,1981,95630
Sema,1991,166157
Sema,2001,103529
Sema,2011,10802
Sherpa,1981,14195
Sherpa,1991,16105
Sherpa,2001,18342
Sherpa,2011,16012
Shina,1981,10275
Shina,1991,14858
Shina,2011,34390
Tamang,1981,10059
Tamang,2001,17494
Tamang,2011,20154
Tangkhul,1971,58167
Tangkhul,1981,79887
Tangkhul,1991,101841
Tangkhul,2001,142035
Tangkhul,2011,187276
Tangsa,1971,13333
Tangsa,1981,12027
Tangsa,1991,28121
Tangsa,2001,40086
Tangsa,2011,38624
Thado,1971,51054
Thado,1981,57536
Thado,1991,107992
Thado,2001,190595
Thado,2011,229340
Tibetan,1971,49221
Tibetan,1981,63431
Tibetan,1991,69416
Tibetan,2001,85278
Tibetan,2011,182685
Tripuri,1971,372579
Tripuri,1981,502067
Tripuri,1991,694940
Tripuri,2001,854023
Tripuri,2011,1011294
Tulu,1971,1158419
Tulu,1981,1417224
Tulu,1991,1552259
Tulu,2001,1722768
Tulu,2011,1846427
Vaiphei,1971,12209
Vaiphei,1981,15618
Vaiphei,1991,26185
Vaiphei,2001,39673
Vaiphei,2011,42748
Wancho,1971,28649
Wancho,1981,32442
Wancho,1991,39600
Wancho,2001,49072
Wancho,2011,59154
Yimchungre,1971,19609
Yimchungre,1981,26672
Yimchungre,1991,47227
Yimchungre,2001,92144
Yimchungre,2011,83259
Zeliang,1991,35079
Zeliang,2001,61547
Zeliang,2011,63529
Zemi,1981,10619
Zemi,1991,22634
Zemi,2001,34110
Zemi,2011,50925
Zou,1981,12515
Zou,1991,15966
Zou,2001,20857
Zou,2011,26545
